tick_id,ts,A,R,C,p_hat,n_proposed,n_approved,clamp_reasons,utilization,abandonment_rate
1,0.0,50,0,0,0.3,83,79,binomial_safety_bound,0.0,0.0
2,1.0,50,79,0,0.3,83,0,binomial_safety_bound,0.0,0.0
3,2.0,50,79,0,0.3,83,0,binomial_safety_bound,0.0,0.0
4,3.0,50,79,0,0.3,83,0,binomial_safety_bound,0.0,0.0
5,4.0,50,79,0,0.3,83,0,binomial_safety_bound,0.0,0.0
6,5.0,50,78,0,0.21,119,16,binomial_safety_bound,0.0,0.0
7,6.0,48,86,2,0.3368,71,0,binomial_safety_bound,0.04,0.0
8,7.0,43,73,7,0.3029,71,0,binomial_safety_bound,0.14,0.0
9,8.0,40,50,10,0.0597,340,64,binomial_safety_bound,0.2,0.0
10,9.0,35,96,15,0.2424,74,0,binomial_safety_bound,0.3,0.0
11,10.0,34,85,16,0.3048,57,0,binomial_safety_bound,0.32,0.0
12,11.0,33,79,17,0.2459,68,0,binomial_safety_bound,0.34,0.0
13,12.0,31,76,19,0.5313,30,0,binomial_safety_bound,0.38,0.0
14,13.0,30,72,20,0.3376,46,0,binomial_safety_bound,0.4,0.0
15,14.0,30,59,20,0.0033,311,46,binomial_safety_bound,0.4,0.0
16,15.0,27,92,23,0.2232,63,0,binomial_safety_bound,0.46,0.0
17,16.0,24,71,26,0.163,78,0,binomial_safety_bound,0.52,0.0
18,17.0,22,60,27,0.2379,49,0,binomial_safety_bound,0.54,0.0
19,18.0,21,45,28,0.0364,229,18,binomial_safety_bound,0.56,0.0
20,19.0,20,60,29,0.2225,49,0,binomial_safety_bound,0.58,0.0
21,20.0,19,51,30,0.1119,93,0,binomial_safety_bound,0.6,0.0
22,21.0,19,37,30,0.0008,209,29,binomial_safety_bound,0.6,0.0
23,22.0,17,56,33,0.5221,18,0,binomial_safety_bound,0.66,0.0
24,23.0,15,52,34,0.5724,15,0,binomial_safety_bound,0.68,0.0
25,24.0,14,45,35,0.15,54,0,binomial_safety_bound,0.7,0.0
26,25.0,13,41,36,0.336,22,0,binomial_safety_bound,0.72,0.0
27,26.0,12,37,36,0.2907,24,0,binomial_safety_bound,0.72,0.0
28,27.0,11,31,37,0.1812,37,0,binomial_safety_bound,0.74,0.0
29,28.0,12,26,37,0.0305,145,11,binomial_safety_bound,0.74,0.0
30,29.0,11,25,38,0.0725,93,4,binomial_safety_bound,0.76,0.0
31,30.0,7,20,42,0.7103,7,0,binomial_safety_bound,0.84,0.0
32,31.0,8,17,42,0.2436,24,0,binomial_safety_bound,0.84,0.0
33,32.0,8,15,42,0.1194,50,4,binomial_safety_bound,0.84,0.0
34,33.0,8,18,42,0.0836,71,3,binomial_safety_bound,0.84,0.0
35,34.0,8,20,42,0.0585,102,3,binomial_safety_bound,0.84,0.0
36,35.0,8,21,42,0.0287,119,4,binomial_safety_bound,0.84,0.0
37,36.0,8,23,42,0.014,119,4,binomial_safety_bound,0.84,0.0
38,37.0,7,22,42,0.0744,73,0,binomial_safety_bound,0.84,0.0
39,38.0,7,20,41,0.0365,108,2,binomial_safety_bound,0.82,0.0
40,39.0,6,19,41,0.2225,22,0,binomial_safety_bound,0.82,0.0
41,40.0,6,18,40,0.1558,31,0,binomial_safety_bound,0.8,0.0
42,41.0,6,13,39,0.0262,98,7,binomial_safety_bound,0.78,0.0
43,42.0,6,18,40,0.3128,15,0,binomial_safety_bound,0.8,0.0
44,43.0,7,16,39,0.1533,35,0,binomial_safety_bound,0.78,0.0
45,44.0,7,12,40,0.1397,39,4,binomial_safety_bound,0.8,0.0
46,45.0,7,14,40,0.3685,14,0,binomial_safety_bound,0.8,0.0
47,46.0,8,13,39,0.2579,23,1,binomial_safety_bound,0.78,0.0
48,47.0,8,12,38,0.1264,46,6,binomial_safety_bound,0.76,0.0
49,48.0,8,16,39,0.2719,21,0,binomial_safety_bound,0.78,0.0
50,49.0,8,16,39,0.2719,21,0,binomial_safety_bound,0.78,0.0
51,50.0,8,14,40,0.3432,17,0,binomial_safety_bound,0.8,0.0
52,51.0,8,12,40,0.4682,12,0,binomial_safety_bound,0.8,0.0
53,52.0,7,10,42,0.7394,7,0,binomial_safety_bound,0.84,0.0
54,53.0,7,7,42,0.2536,21,5,binomial_safety_bound,0.84,0.0
55,54.0,7,11,42,0.1775,31,4,binomial_safety_bound,0.84,0.0
56,55.0,7,14,41,0.1243,44,2,binomial_safety_bound,0.82,0.0
57,56.0,8,15,41,0.087,69,6,binomial_safety_bound,0.82,0.0
58,57.0,7,18,42,0.3298,16,0,binomial_safety_bound,0.84,0.0
59,58.0,7,18,42,0.3298,16,0,binomial_safety_bound,0.84,0.0
60,59.0,7,18,42,0.3298,16,0,binomial_safety_bound,0.84,0.0
61,60.0,7,16,43,0.3716,17,0,binomial_safety_bound,0.86,0.0
62,61.0,7,15,43,0.2601,24,0,binomial_safety_bound,0.86,0.0
63,62.0,6,10,44,0.1907,29,3,binomial_safety_bound,0.88,0.0
64,63.0,6,9,44,0.0458,113,11,binomial_safety_bound,0.88,0.0
65,64.0,6,17,44,0.0157,113,5,binomial_safety_bound,0.88,0.0
66,65.0,6,21,44,0.011,113,2,binomial_safety_bound,0.88,0.0
67,66.0,5,22,45,0.3077,16,0,binomial_safety_bound,0.9,0.0
68,67.0,5,22,44,0.3077,16,0,binomial_safety_bound,0.88,0.0
69,68.0,5,21,43,0.2154,23,0,binomial_safety_bound,0.86,0.0
70,69.0,5,20,43,0.1508,33,0,binomial_safety_bound,0.86,0.0
71,70.0,5,19,43,0.1055,48,0,binomial_safety_bound,0.86,0.0
72,71.0,4,16,44,0.3362,12,0,binomial_safety_bound,0.88,0.0
73,72.0,4,12,45,0.2277,19,0,binomial_safety_bound,0.9,0.0
74,73.0,4,3,45,0.2192,19,5,binomial_safety_bound,0.9,0.0
75,74.0,4,6,45,0.1074,40,5,binomial_safety_bound,0.9,0.0
76,75.0,4,11,45,0.1074,40,0,binomial_safety_bound,0.9,0.0
77,76.0,4,11,45,0.1074,40,0,binomial_safety_bound,0.9,0.0
78,77.0,4,10,45,0.0752,57,2,binomial_safety_bound,0.9,0.0
79,78.0,5,12,44,0.0752,64,2,binomial_safety_bound,0.88,0.0
80,79.0,5,14,44,0.0752,64,0,binomial_safety_bound,0.88,0.0
81,80.0,5,14,44,0.0752,64,0,binomial_safety_bound,0.88,0.0
82,81.0,4,10,45,0.3181,13,0,binomial_safety_bound,0.9,0.0
83,82.0,4,9,44,0.2226,18,0,binomial_safety_bound,0.88,0.0
84,83.0,5,8,44,0.1558,30,3,binomial_safety_bound,0.88,0.0
85,84.0,5,9,44,0.0764,62,5,binomial_safety_bound,0.88,0.0
86,85.0,5,11,44,0.0262,95,6,binomial_safety_bound,0.88,0.0
87,86.0,5,16,44,0.0183,95,1,binomial_safety_bound,0.88,0.0
88,87.0,6,17,44,0.0183,107,3,binomial_safety_bound,0.88,0.0
89,88.0,6,19,43,0.0128,106,2,binomial_safety_bound,0.86,0.0
90,89.0,6,21,43,0.0128,106,0,binomial_safety_bound,0.86,0.0
91,90.0,6,20,43,0.009,115,1,binomial_safety_bound,0.86,0.0
92,91.0,6,18,42,0.0031,114,3,binomial_safety_bound,0.84,0.0
93,92.0,5,17,42,0.1036,49,0,binomial_safety_bound,0.84,0.0
94,93.0,6,15,42,0.0508,114,3,binomial_safety_bound,0.84,0.0
95,94.0,6,16,42,0.0249,115,4,binomial_safety_bound,0.84,0.0
96,95.0,6,14,42,0.0029,115,8,binomial_safety_bound,0.84,0.0
97,96.0,7,21,42,0.002,128,4,binomial_safety_bound,0.84,0.0
98,97.0,8,24,42,0.0014,141,5,binomial_safety_bound,0.84,0.0
99,98.0,8,27,42,0.0007,141,2,binomial_safety_bound,0.84,0.0
100,99.0,8,28,41,0.0005,141,1,binomial_safety_bound,0.82,0.0
101,100.0,8,27,41,0.0002,141,2,binomial_safety_bound,0.82,0.0
102,101.0,7,25,42,0.2101,29,0,binomial_safety_bound,0.84,0.0
103,102.0,6,22,42,0.372,14,0,binomial_safety_bound,0.84,0.0
104,103.0,6,18,41,0.0893,61,0,binomial_safety_bound,0.82,0.0
105,104.0,6,12,41,0.3105,17,0,binomial_safety_bound,0.82,0.0
106,105.0,6,8,41,0.0746,72,7,binomial_safety_bound,0.82,0.0
107,106.0,5,13,42,0.3365,14,0,binomial_safety_bound,0.84,0.0
108,107.0,6,12,42,0.2356,23,0,binomial_safety_bound,0.84,0.0
109,108.0,7,10,42,0.1154,54,6,binomial_safety_bound,0.84,0.0
110,109.0,7,13,43,0.1866,34,1,binomial_safety_bound,0.86,0.0
111,110.0,7,14,42,0.1866,34,0,binomial_safety_bound,0.84,0.0
112,111.0,7,12,42,0.0914,70,6,binomial_safety_bound,0.84,0.0
113,112.0,7,16,42,0.0448,129,5,binomial_safety_bound,0.84,0.0
114,113.0,7,21,42,0.0448,129,0,binomial_safety_bound,0.84,0.0
115,114.0,7,18,42,0.0154,129,6,binomial_safety_bound,0.84,0.0
116,115.0,6,20,44,0.3166,18,0,binomial_safety_bound,0.88,0.0
117,116.0,6,18,44,0.1551,37,0,binomial_safety_bound,0.88,0.0
118,117.0,5,16,45,0.376,13,0,binomial_safety_bound,0.9,0.0
119,118.0,5,12,45,0.0903,54,1,binomial_safety_bound,0.9,0.0
120,119.0,5,12,45,0.0632,78,2,binomial_safety_bound,0.9,0.0
121,120.0,4,12,46,0.241,19,0,binomial_safety_bound,0.92,0.0
122,121.0,4,9,46,0.0827,57,2,binomial_safety_bound,0.92,0.0
123,122.0,4,8,46,0.0283,94,5,binomial_safety_bound,0.92,0.0
124,123.0,3,11,46,0.2239,19,0,binomial_safety_bound,0.92,0.0
125,124.0,2,9,47,0.4097,9,0,binomial_safety_bound,0.94,0.0
126,125.0,1,8,46,0.5868,4,0,binomial_safety_bound,0.92,0.0
127,126.0,0,6,47,0.5875,3,0,binomial_safety_bound,0.94,0.0
128,127.0,0,6,46,0.5875,2,0,binomial_safety_bound,0.92,0.0
129,128.0,1,6,46,0.5875,4,0,binomial_safety_bound,0.92,0.0
130,129.0,1,5,46,0.4113,5,0,binomial_safety_bound,0.92,0.0
131,130.0,3,1,46,0.0987,39,7,binomial_safety_bound,0.92,0.0
132,131.0,3,8,46,0.0987,39,0,binomial_safety_bound,0.92,0.0
133,132.0,4,8,46,0.0987,46,2,binomial_safety_bound,0.92,0.0
134,133.0,4,9,46,0.0691,65,2,binomial_safety_bound,0.92,0.0
135,134.0,4,11,46,0.0691,65,0,binomial_safety_bound,0.92,0.0
136,135.0,4,11,45,0.0691,65,0,binomial_safety_bound,0.9,0.0
137,136.0,3,10,46,0.3484,10,0,binomial_safety_bound,0.92,0.0
138,137.0,3,8,46,0.1707,22,0,binomial_safety_bound,0.92,0.0
139,138.0,3,6,46,0.0836,45,2,binomial_safety_bound,0.92,0.0
140,139.0,1,3,48,0.3861,6,0,binomial_safety_bound,0.96,0.0
141,140.0,2,3,48,0.3861,8,0,binomial_safety_bound,0.96,0.0
142,141.0,2,3,48,0.3861,8,0,binomial_safety_bound,0.96,0.0
143,142.0,2,3,47,0.3861,8,0,binomial_safety_bound,0.94,0.0
144,143.0,2,2,47,0.2703,11,2,binomial_safety_bound,0.94,0.0
145,144.0,2,4,47,0.2703,11,0,binomial_safety_bound,0.94,0.0
146,145.0,2,3,47,0.1892,16,2,binomial_safety_bound,0.94,0.0
147,146.0,2,4,46,0.1324,23,1,binomial_safety_bound,0.92,0.0
148,147.0,3,5,46,0.1324,29,2,binomial_safety_bound,0.92,0.0
149,148.0,3,6,46,0.0927,41,2,binomial_safety_bound,0.92,0.0
150,149.0,3,8,46,0.0927,41,0,binomial_safety_bound,0.92,0.0
151,150.0,3,8,46,0.0927,44,0,binomial_safety_bound,0.92,0.0
152,151.0,4,7,46,0.0649,75,4,binomial_safety_bound,0.92,0.0
153,152.0,3,9,46,0.3318,12,0,binomial_safety_bound,0.92,0.0
154,153.0,3,9,46,0.3318,12,0,binomial_safety_bound,0.92,0.0
155,154.0,3,8,46,0.2323,17,0,binomial_safety_bound,0.92,0.0
156,155.0,2,5,46,0.3797,8,0,binomial_safety_bound,0.92,0.0
157,156.0,2,5,46,0.3797,8,0,binomial_safety_bound,0.92,0.0
158,157.0,3,5,46,0.3797,10,0,binomial_safety_bound,0.92,0.0
159,158.0,3,2,46,0.1302,31,5,binomial_safety_bound,0.92,0.0
160,159.0,1,5,48,0.5738,4,0,binomial_safety_bound,0.96,0.0
161,160.0,2,5,48,0.5738,6,0,binomial_safety_bound,0.96,0.0
162,161.0,2,5,48,0.5738,6,0,binomial_safety_bound,0.96,0.0
163,162.0,2,4,47,0.4017,8,0,binomial_safety_bound,0.94,0.0
164,163.0,2,4,46,0.4017,8,0,binomial_safety_bound,0.92,0.0
165,164.0,2,4,45,0.4017,8,0,binomial_safety_bound,0.9,0.0
166,165.0,2,2,44,0.1968,17,2,binomial_safety_bound,0.88,0.0
167,166.0,2,3,44,0.1378,24,2,binomial_safety_bound,0.88,0.0
168,167.0,2,4,45,0.3964,9,0,binomial_safety_bound,0.9,0.0
169,168.0,3,4,44,0.3964,10,1,binomial_safety_bound,0.88,0.0
170,169.0,4,5,43,0.3964,12,1,binomial_safety_bound,0.86,0.0
171,170.0,5,5,43,0.2775,20,3,binomial_safety_bound,0.86,0.0
172,171.0,5,8,43,0.2775,20,0,binomial_safety_bound,0.86,0.0
173,172.0,5,8,42,0.2775,20,0,binomial_safety_bound,0.84,0.0
174,173.0,6,7,41,0.1943,32,4,binomial_safety_bound,0.82,0.0
175,174.0,6,10,42,0.436,14,0,binomial_safety_bound,0.84,0.0
176,175.0,6,7,42,0.1495,43,6,binomial_safety_bound,0.84,0.0
177,176.0,6,13,42,0.1495,43,0,binomial_safety_bound,0.84,0.0
178,177.0,7,12,42,0.1047,69,5,binomial_safety_bound,0.84,0.0
179,178.0,8,17,42,0.1047,76,2,binomial_safety_bound,0.84,0.0
180,179.0,7,17,43,0.2613,28,0,binomial_safety_bound,0.86,0.0
181,180.0,5,13,45,0.3756,16,0,binomial_safety_bound,0.9,0.0
182,181.0,5,12,45,0.2629,24,0,binomial_safety_bound,0.9,0.0
183,182.0,5,9,45,0.0902,70,4,binomial_safety_bound,0.9,0.0
184,183.0,5,12,45,0.0631,100,2,binomial_safety_bound,0.9,0.0
185,184.0,3,12,47,0.5409,8,0,binomial_safety_bound,0.94,0.0
186,185.0,2,9,48,0.3955,10,0,binomial_safety_bound,0.96,0.0
187,186.0,0,6,49,0.4927,5,0,binomial_safety_bound,0.98,0.0
188,187.0,0,6,49,0.4927,5,0,binomial_safety_bound,0.98,0.0
189,188.0,0,5,47,0.3449,6,0,binomial_safety_bound,0.94,0.0
190,189.0,0,4,46,0.2414,9,0,binomial_safety_bound,0.92,0.0
191,190.0,0,2,46,0.1183,19,1,binomial_safety_bound,0.92,0.0
192,191.0,1,3,46,0.1183,26,1,binomial_safety_bound,0.92,0.0
193,192.0,1,4,46,0.1183,26,0,binomial_safety_bound,0.92,0.0
194,193.0,3,3,46,0.0828,57,6,binomial_safety_bound,0.92,0.0
195,194.0,4,8,46,0.058,95,4,binomial_safety_bound,0.92,0.0
196,195.0,4,12,45,0.058,94,0,binomial_safety_bound,0.9,0.0
197,196.0,4,11,45,0.0406,109,2,binomial_safety_bound,0.9,0.0
198,197.0,4,13,44,0.0406,108,0,binomial_safety_bound,0.88,0.0
199,198.0,3,12,45,0.3284,13,0,binomial_safety_bound,0.9,0.0
200,199.0,3,12,45,0.3284,13,0,binomial_safety_bound,0.9,0.0
201,200.0,2,9,47,0.5596,6,0,binomial_safety_bound,0.94,0.0
202,201.0,2,7,47,0.2742,13,0,binomial_safety_bound,0.94,0.0
203,202.0,2,5,47,0.4344,9,0,binomial_safety_bound,0.94,0.0
204,203.0,2,3,47,0.2128,18,2,binomial_safety_bound,0.94,0.0
205,204.0,1,3,48,0.4043,7,0,binomial_safety_bound,0.96,0.0
206,205.0,1,2,48,0.283,11,1,binomial_safety_bound,0.96,0.0
207,206.0,1,3,48,0.283,11,0,binomial_safety_bound,0.96,0.0
208,207.0,2,3,48,0.283,14,1,binomial_safety_bound,0.96,0.0
209,208.0,2,4,47,0.283,13,0,binomial_safety_bound,0.94,0.0
210,209.0,2,3,46,0.1981,19,2,binomial_safety_bound,0.92,0.0
211,210.0,2,5,46,0.1981,20,0,binomial_safety_bound,0.92,0.0
212,211.0,2,4,46,0.1387,29,2,binomial_safety_bound,0.92,0.0
213,212.0,1,5,46,0.3971,7,0,binomial_safety_bound,0.92,0.0
214,213.0,2,5,46,0.3971,10,0,binomial_safety_bound,0.92,0.0
215,214.0,3,5,46,0.3971,12,0,binomial_safety_bound,0.92,0.0
216,215.0,3,4,46,0.2779,17,2,binomial_safety_bound,0.92,0.0
217,216.0,3,6,45,0.2779,17,0,binomial_safety_bound,0.9,0.0
218,217.0,4,4,45,0.1362,41,5,binomial_safety_bound,0.9,0.0
219,218.0,4,9,45,0.1362,41,0,binomial_safety_bound,0.9,0.0
220,219.0,4,8,44,0.0953,58,2,binomial_safety_bound,0.88,0.0
221,220.0,4,9,44,0.0667,84,2,binomial_safety_bound,0.88,0.0
222,221.0,5,11,44,0.0667,97,3,binomial_safety_bound,0.88,0.0
223,222.0,5,14,44,0.0667,97,0,binomial_safety_bound,0.88,0.0
224,223.0,4,11,45,0.3229,17,0,binomial_safety_bound,0.9,0.0
225,224.0,5,10,45,0.226,28,0,binomial_safety_bound,0.9,0.0
226,225.0,5,8,44,0.1108,57,3,binomial_safety_bound,0.88,0.0
227,226.0,4,9,44,0.3543,14,0,binomial_safety_bound,0.88,0.0
228,227.0,4,7,44,0.1736,30,0,binomial_safety_bound,0.88,0.0
229,228.0,3,6,45,0.4215,11,0,binomial_safety_bound,0.9,0.0
230,229.0,2,4,46,0.4165,10,0,binomial_safety_bound,0.92,0.0
231,230.0,3,3,44,0.2916,16,2,binomial_safety_bound,0.88,0.0
232,231.0,4,2,44,0.1,57,8,binomial_safety_bound,0.88,0.0
233,232.0,4,10,43,0.1,57,0,binomial_safety_bound,0.86,0.0
234,233.0,4,10,43,0.1,57,0,binomial_safety_bound,0.86,0.0
235,234.0,4,10,43,0.1,57,0,binomial_safety_bound,0.86,0.0
236,235.0,6,10,43,0.1,74,5,binomial_safety_bound,0.86,0.0
237,236.0,6,15,43,0.1,74,0,binomial_safety_bound,0.86,0.0
238,237.0,6,12,44,0.2443,29,0,binomial_safety_bound,0.88,0.0
239,238.0,6,12,43,0.2443,29,0,binomial_safety_bound,0.86,0.0
240,239.0,6,8,43,0.0587,123,8,binomial_safety_bound,0.86,0.0
241,240.0,5,15,44,0.3411,20,0,binomial_safety_bound,0.88,0.0
242,241.0,5,13,43,0.1671,41,0,binomial_safety_bound,0.86,0.0
243,242.0,3,10,45,0.5673,8,0,binomial_safety_bound,0.9,0.0
244,243.0,4,10,45,0.5673,10,0,binomial_safety_bound,0.9,0.0
245,244.0,4,9,42,0.3971,14,0,binomial_safety_bound,0.84,0.0
246,245.0,4,6,41,0.1362,41,3,binomial_safety_bound,0.82,0.0
247,246.0,5,7,39,0.0667,97,6,binomial_safety_bound,0.78,0.0
248,247.0,5,13,38,0.0667,96,0,binomial_safety_bound,0.76,0.0
249,248.0,4,10,39,0.1699,33,0,binomial_safety_bound,0.78,0.0
250,249.0,7,9,37,0.1189,70,6,binomial_safety_bound,0.74,0.0
251,250.0,8,15,37,0.1189,77,2,binomial_safety_bound,0.74,0.0
252,251.0,10,16,37,0.0832,132,8,binomial_safety_bound,0.74,0.0
253,252.0,9,20,39,0.467,21,0,binomial_safety_bound,0.78,0.0
254,253.0,8,18,40,0.4388,21,0,binomial_safety_bound,0.8,0.0
255,254.0,10,16,39,0.215,51,1,binomial_safety_bound,0.78,0.0
256,255.0,9,15,40,0.3154,31,0,binomial_safety_bound,0.8,0.0
257,256.0,8,12,41,0.2552,36,1,binomial_safety_bound,0.82,0.0
258,257.0,8,11,40,0.125,73,6,binomial_safety_bound,0.8,0.0
259,258.0,8,14,40,0.0429,183,8,binomial_safety_bound,0.8,0.0
260,259.0,9,19,40,0.0147,201,9,binomial_safety_bound,0.8,0.0
261,260.0,9,26,40,0.0072,201,3,binomial_safety_bound,0.8,0.0
262,261.0,9,27,40,0.0035,201,2,binomial_safety_bound,0.8,0.0
263,262.0,9,26,41,0.1482,69,0,binomial_safety_bound,0.82,0.0
264,263.0,7,23,43,0.4078,20,0,binomial_safety_bound,0.86,0.0
265,264.0,7,23,43,0.4078,20,0,binomial_safety_bound,0.86,0.0
266,265.0,7,19,42,0.0979,85,0,binomial_safety_bound,0.84,0.0
267,266.0,6,9,43,0.0149,153,10,binomial_safety_bound,0.86,0.0
268,267.0,5,14,44,0.3025,22,0,binomial_safety_bound,0.88,0.0
269,268.0,4,11,45,0.4038,14,0,binomial_safety_bound,0.9,0.0
270,269.0,4,10,45,0.2826,20,0,binomial_safety_bound,0.9,0.0
271,270.0,5,10,45,0.2826,25,0,binomial_safety_bound,0.9,0.0
272,271.0,5,9,45,0.1978,36,0,binomial_safety_bound,0.9,0.0
273,272.0,5,9,45,0.1978,36,0,binomial_safety_bound,0.9,0.0
274,273.0,4,4,44,0.3333,18,2,binomial_safety_bound,0.88,0.0
275,274.0,4,2,44,0.08,76,8,binomial_safety_bound,0.88,0.0
276,275.0,4,10,43,0.08,76,0,binomial_safety_bound,0.86,0.0
277,276.0,4,10,43,0.08,76,0,binomial_safety_bound,0.86,0.0
278,277.0,4,10,42,0.08,75,0,binomial_safety_bound,0.84,0.0
279,278.0,6,10,42,0.08,99,5,binomial_safety_bound,0.84,0.0
280,279.0,6,15,42,0.08,99,0,binomial_safety_bound,0.84,0.0
281,280.0,6,14,43,0.356,22,0,binomial_safety_bound,0.86,0.0
282,281.0,6,11,43,0.1221,64,2,binomial_safety_bound,0.86,0.0
283,282.0,5,7,45,0.2334,31,2,binomial_safety_bound,0.9,0.0
284,283.0,5,7,45,0.1144,63,5,binomial_safety_bound,0.9,0.0
285,284.0,5,11,44,0.0801,90,2,binomial_safety_bound,0.88,0.0
286,285.0,5,12,44,0.056,129,2,binomial_safety_bound,0.88,0.0
287,286.0,4,13,45,0.3392,18,0,binomial_safety_bound,0.9,0.0
288,287.0,3,12,45,0.5375,9,0,binomial_safety_bound,0.9,0.0
289,288.0,3,10,45,0.2634,19,0,binomial_safety_bound,0.9,0.0
290,289.0,4,10,44,0.2634,23,0,binomial_safety_bound,0.88,0.0
291,290.0,3,7,45,0.2373,22,0,binomial_safety_bound,0.9,0.0
292,291.0,2,4,46,0.2914,15,0,binomial_safety_bound,0.92,0.0
293,292.0,2,2,47,0.3528,13,2,binomial_safety_bound,0.94,0.0
294,293.0,2,3,47,0.247,19,2,binomial_safety_bound,0.94,0.0
295,294.0,3,5,47,0.247,22,1,binomial_safety_bound,0.94,0.0
296,295.0,2,5,48,0.4729,10,0,binomial_safety_bound,0.96,0.0
297,296.0,2,5,48,0.4729,10,0,binomial_safety_bound,0.96,0.0
298,297.0,2,4,48,0.331,15,1,binomial_safety_bound,0.96,0.0
299,298.0,2,4,48,0.2317,21,1,binomial_safety_bound,0.96,0.0
300,299.0,2,5,48,0.2317,21,0,binomial_safety_bound,0.96,0.0
301,300.0,2,5,48,0.2317,22,0,binomial_safety_bound,0.96,0.0
302,301.0,2,4,47,0.1622,32,2,binomial_safety_bound,0.94,0.0
303,302.0,2,4,47,0.0795,65,4,binomial_safety_bound,0.94,0.0
304,303.0,2,8,46,0.0795,64,0,binomial_safety_bound,0.92,0.0
305,304.0,2,8,46,0.0795,64,0,binomial_safety_bound,0.92,0.0
306,305.0,2,7,45,0.0556,90,1,binomial_safety_bound,0.9,0.0
307,306.0,3,7,45,0.0389,121,4,binomial_safety_bound,0.9,0.0
308,307.0,3,10,45,0.0273,121,1,binomial_safety_bound,0.9,0.0
309,308.0,4,11,45,0.0273,141,3,binomial_safety_bound,0.9,0.0
310,309.0,2,11,47,0.4564,10,0,binomial_safety_bound,0.94,0.0
311,310.0,3,10,47,0.3194,18,0,binomial_safety_bound,0.94,0.0
312,311.0,3,10,46,0.3194,18,0,binomial_safety_bound,0.92,0.0
313,312.0,3,10,45,0.3194,18,0,binomial_safety_bound,0.9,0.0
314,313.0,2,8,46,0.4565,10,0,binomial_safety_bound,0.92,0.0
315,314.0,1,5,46,0.4566,8,0,binomial_safety_bound,0.92,0.0
316,315.0,1,1,46,0.1096,33,3,binomial_safety_bound,0.92,0.0
317,316.0,2,4,44,0.1096,41,2,binomial_safety_bound,0.88,0.0
318,317.0,2,5,45,0.3767,12,0,binomial_safety_bound,0.9,0.0
319,318.0,2,5,45,0.3767,12,0,binomial_safety_bound,0.9,0.0
320,319.0,3,5,45,0.3767,15,0,binomial_safety_bound,0.9,0.0
321,320.0,3,5,43,0.3767,15,0,binomial_safety_bound,0.86,0.0
322,321.0,5,4,43,0.2637,29,4,binomial_safety_bound,0.86,0.0
323,322.0,4,5,44,0.3005,21,1,binomial_safety_bound,0.88,0.0
324,323.0,4,5,44,0.2103,31,3,binomial_safety_bound,0.88,0.0
325,324.0,4,7,44,0.1472,44,2,binomial_safety_bound,0.88,0.0
326,325.0,6,9,44,0.1472,58,4,binomial_safety_bound,0.88,0.0
327,326.0,6,13,44,0.1472,58,0,binomial_safety_bound,0.88,0.0
328,327.0,6,13,44,0.1472,58,0,binomial_safety_bound,0.88,0.0
329,328.0,6,12,44,0.1031,83,2,binomial_safety_bound,0.88,0.0
330,329.0,6,12,44,0.0505,169,5,binomial_safety_bound,0.88,0.0
331,330.0,6,14,44,0.0173,171,5,binomial_safety_bound,0.88,0.0
332,331.0,6,16,44,0.0059,171,4,binomial_safety_bound,0.88,0.0
333,332.0,5,19,44,0.3042,25,0,binomial_safety_bound,0.88,0.0
334,333.0,4,17,45,0.359,18,0,binomial_safety_bound,0.9,0.0
335,334.0,3,15,45,0.4759,11,0,binomial_safety_bound,0.9,0.0
336,335.0,3,13,43,0.2332,23,0,binomial_safety_bound,0.86,0.0
337,336.0,3,9,43,0.056,97,0,binomial_safety_bound,0.86,0.0
338,337.0,4,6,43,0.0192,129,7,binomial_safety_bound,0.86,0.0
339,338.0,3,12,44,0.3134,17,0,binomial_safety_bound,0.88,0.0
340,339.0,3,9,45,0.4075,13,0,binomial_safety_bound,0.9,0.0
341,340.0,5,7,44,0.1997,38,2,binomial_safety_bound,0.88,0.0
342,341.0,5,9,44,0.1997,38,0,binomial_safety_bound,0.88,0.0
343,342.0,5,8,44,0.1398,54,3,binomial_safety_bound,0.88,0.0
344,343.0,5,11,44,0.1398,54,0,binomial_safety_bound,0.88,0.0
345,344.0,4,8,45,0.2579,25,0,binomial_safety_bound,0.9,0.0
346,345.0,4,7,46,0.4806,13,0,binomial_safety_bound,0.92,0.0
347,346.0,2,3,47,0.6254,7,0,binomial_safety_bound,0.94,0.0
348,347.0,2,3,46,0.6254,7,0,binomial_safety_bound,0.92,0.0
349,348.0,2,1,46,0.3064,14,3,binomial_safety_bound,0.92,0.0
350,349.0,2,4,45,0.3064,14,0,binomial_safety_bound,0.9,0.0
351,350.0,2,4,45,0.3064,14,0,binomial_safety_bound,0.9,0.0
352,351.0,3,3,45,0.2145,25,3,binomial_safety_bound,0.9,0.0
353,352.0,4,6,45,0.2145,29,1,binomial_safety_bound,0.9,0.0
354,353.0,3,6,46,0.4502,11,0,binomial_safety_bound,0.92,0.0
355,354.0,3,4,46,0.5206,9,0,binomial_safety_bound,0.92,0.0
356,355.0,3,4,46,0.5206,9,0,binomial_safety_bound,0.92,0.0
357,356.0,3,4,46,0.5206,9,0,binomial_safety_bound,0.92,0.0
358,357.0,3,3,45,0.3644,14,1,binomial_safety_bound,0.9,0.0
359,358.0,3,3,45,0.2551,20,2,binomial_safety_bound,0.9,0.0
360,359.0,4,5,45,0.2551,23,1,binomial_safety_bound,0.9,0.0
361,360.0,4,4,45,0.125,48,4,binomial_safety_bound,0.9,0.0
362,361.0,4,8,45,0.125,48,0,binomial_safety_bound,0.9,0.0
363,362.0,5,8,45,0.125,56,2,binomial_safety_bound,0.9,0.0
364,363.0,5,9,45,0.0875,81,3,binomial_safety_bound,0.9,0.0
365,364.0,5,10,45,0.0429,142,3,binomial_safety_bound,0.9,0.0
366,365.0,4,12,45,0.33,18,0,binomial_safety_bound,0.9,0.0
367,366.0,4,10,45,0.1617,38,0,binomial_safety_bound,0.9,0.0
368,367.0,3,6,45,0.2488,19,0,binomial_safety_bound,0.9,0.0
369,368.0,3,4,45,0.1219,40,2,binomial_safety_bound,0.9,0.0
370,369.0,3,4,45,0.0597,82,3,binomial_safety_bound,0.9,0.0
371,370.0,4,5,45,0.0293,118,6,binomial_safety_bound,0.9,0.0
372,371.0,4,11,45,0.0293,118,0,binomial_safety_bound,0.9,0.0
373,372.0,5,11,45,0.0293,138,3,binomial_safety_bound,0.9,0.0
374,373.0,5,12,44,0.0143,137,2,binomial_safety_bound,0.88,0.0
375,374.0,4,12,43,0.217,26,0,binomial_safety_bound,0.86,0.0
376,375.0,3,9,44,0.3744,12,0,binomial_safety_bound,0.88,0.0
377,376.0,3,7,44,0.1835,25,0,binomial_safety_bound,0.88,0.0
378,377.0,2,5,44,0.2999,13,0,binomial_safety_bound,0.88,0.0
379,378.0,2,2,45,0.3129,12,1,binomial_safety_bound,0.9,0.0
380,379.0,4,2,44,0.219,26,4,binomial_safety_bound,0.88,0.0
381,380.0,4,5,44,0.1533,38,2,binomial_safety_bound,0.88,0.0
382,381.0,4,7,44,0.1533,38,0,binomial_safety_bound,0.88,0.0
383,382.0,5,6,44,0.1073,64,4,binomial_safety_bound,0.88,0.0
384,383.0,5,8,42,0.0526,129,4,binomial_safety_bound,0.84,0.0
385,384.0,6,11,42,0.0368,156,5,binomial_safety_bound,0.84,0.0
386,385.0,5,15,43,0.3258,20,0,binomial_safety_bound,0.86,0.0
387,386.0,5,11,43,0.0782,84,0,binomial_safety_bound,0.86,0.0
388,387.0,4,8,43,0.2368,23,0,binomial_safety_bound,0.86,0.0
389,388.0,6,5,43,0.0812,92,8,binomial_safety_bound,0.86,0.0
390,389.0,5,12,44,0.3569,18,0,binomial_safety_bound,0.88,0.0
391,390.0,4,10,45,0.3849,15,0,binomial_safety_bound,0.9,0.0
392,391.0,3,6,46,0.1953,25,0,binomial_safety_bound,0.92,0.0
393,392.0,4,3,46,0.067,90,7,binomial_safety_bound,0.92,0.0
394,393.0,2,8,48,0.5428,7,0,binomial_safety_bound,0.96,0.0
395,394.0,2,7,48,0.38,10,0,binomial_safety_bound,0.96,0.0
396,395.0,2,6,47,0.266,14,0,binomial_safety_bound,0.94,0.0
397,396.0,2,6,45,0.266,14,0,binomial_safety_bound,0.9,0.0
398,397.0,1,3,46,0.3912,7,0,binomial_safety_bound,0.92,0.0
399,398.0,1,2,46,0.2739,10,0,binomial_safety_bound,0.92,0.0
400,399.0,1,2,45,0.2739,9,0,binomial_safety_bound,0.9,0.0
401,400.0,2,1,45,0.1917,19,2,binomial_safety_bound,0.9,0.0
402,401.0,4,2,45,0.1342,42,5,binomial_safety_bound,0.9,0.0
403,402.0,4,7,45,0.1342,42,0,binomial_safety_bound,0.9,0.0
404,403.0,4,7,44,0.1342,42,0,binomial_safety_bound,0.88,0.0
405,404.0,5,6,44,0.0939,71,4,binomial_safety_bound,0.88,0.0
406,405.0,5,7,44,0.0322,133,6,binomial_safety_bound,0.88,0.0
407,406.0,5,10,44,0.0111,133,4,binomial_safety_bound,0.88,0.0
408,407.0,5,14,44,0.0111,133,0,binomial_safety_bound,0.88,0.0
409,408.0,6,13,44,0.0077,153,4,binomial_safety_bound,0.88,0.0
410,409.0,5,15,44,0.2138,31,0,binomial_safety_bound,0.88,0.0
411,410.0,5,12,43,0.0733,90,0,binomial_safety_bound,0.86,0.0
412,411.0,5,7,43,0.0123,132,7,binomial_safety_bound,0.86,0.0
413,412.0,4,10,44,0.15,38,0,binomial_safety_bound,0.88,0.0
414,413.0,4,10,44,0.15,38,0,binomial_safety_bound,0.88,0.0
415,414.0,5,7,44,0.0514,131,5,binomial_safety_bound,0.88,0.0
416,415.0,6,11,42,0.036,153,4,binomial_safety_bound,0.84,0.0
417,416.0,6,11,42,0.0086,153,6,binomial_safety_bound,0.84,0.0
418,417.0,4,15,43,0.5142,11,0,binomial_safety_bound,0.86,0.0
419,418.0,4,14,42,0.36,16,0,binomial_safety_bound,0.84,0.0
420,419.0,3,12,42,0.4764,9,0,binomial_safety_bound,0.84,0.0
421,420.0,5,8,41,0.1144,57,1,binomial_safety_bound,0.82,0.0
422,421.0,4,4,41,0.3192,17,1,binomial_safety_bound,0.82,0.0
423,422.0,5,3,41,0.1564,41,5,binomial_safety_bound,0.82,0.0
424,423.0,6,8,41,0.1564,48,2,binomial_safety_bound,0.82,0.0
425,424.0,6,9,42,0.4095,19,0,binomial_safety_bound,0.84,0.0
426,425.0,7,6,41,0.1405,62,7,binomial_safety_bound,0.82,0.0
427,426.0,6,11,42,0.5788,13,0,binomial_safety_bound,0.84,0.0
428,427.0,5,9,42,0.4936,13,0,binomial_safety_bound,0.84,0.0
429,428.0,5,8,42,0.3455,19,0,binomial_safety_bound,0.84,0.0
430,429.0,4,7,43,0.5419,10,0,binomial_safety_bound,0.86,0.0
431,430.0,4,2,44,0.3011,18,3,binomial_safety_bound,0.88,0.0
432,431.0,5,4,44,0.2108,31,4,binomial_safety_bound,0.88,0.0
433,432.0,5,7,45,0.4475,15,0,binomial_safety_bound,0.9,0.0
434,433.0,5,6,44,0.3133,21,1,binomial_safety_bound,0.88,0.0
435,434.0,4,6,44,0.5193,10,0,binomial_safety_bound,0.88,0.0
436,435.0,3,5,44,0.6635,6,0,binomial_safety_bound,0.88,0.0
437,436.0,3,3,44,0.3251,14,1,binomial_safety_bound,0.88,0.0
438,437.0,3,4,44,0.3251,14,0,binomial_safety_bound,0.88,0.0
439,438.0,4,3,43,0.2276,24,3,binomial_safety_bound,0.86,0.0
440,439.0,5,6,42,0.2276,28,1,binomial_safety_bound,0.84,0.0
441,440.0,6,5,42,0.1115,67,7,binomial_safety_bound,0.84,0.0
442,441.0,6,10,42,0.0546,137,4,binomial_safety_bound,0.84,0.0
443,442.0,6,14,41,0.0546,137,0,binomial_safety_bound,0.82,0.0
444,443.0,6,10,42,0.2231,33,0,binomial_safety_bound,0.84,0.0
445,444.0,7,7,42,0.0765,109,8,binomial_safety_bound,0.84,0.0
446,445.0,7,10,42,0.0129,167,9,binomial_safety_bound,0.84,0.0
447,446.0,7,19,42,0.0129,167,0,binomial_safety_bound,0.84,0.0
448,447.0,6,16,43,0.5144,14,0,binomial_safety_bound,0.86,0.0
449,448.0,6,12,43,0.1235,58,0,binomial_safety_bound,0.86,0.0
450,449.0,5,7,44,0.1237,51,2,binomial_safety_bound,0.88,0.0
451,450.0,5,5,44,0.0297,126,7,binomial_safety_bound,0.88,0.0
452,451.0,3,10,46,0.5245,8,0,binomial_safety_bound,0.92,0.0
453,452.0,4,7,46,0.1799,31,0,binomial_safety_bound,0.92,0.0
454,453.0,4,5,45,0.0882,64,3,binomial_safety_bound,0.9,0.0
455,454.0,4,8,45,0.0882,64,0,binomial_safety_bound,0.9,0.0
456,455.0,4,4,45,0.0212,113,7,binomial_safety_bound,0.9,0.0
457,456.0,4,10,44,0.0148,112,1,binomial_safety_bound,0.88,0.0
458,457.0,4,11,44,0.0148,112,0,binomial_safety_bound,0.88,0.0
459,458.0,5,9,44,0.0073,132,5,binomial_safety_bound,0.88,0.0
460,459.0,3,9,46,0.4041,11,0,binomial_safety_bound,0.92,0.0
461,460.0,2,7,47,0.498,7,0,binomial_safety_bound,0.94,0.0
462,461.0,3,6,47,0.3486,13,0,binomial_safety_bound,0.94,0.0
463,462.0,3,3,47,0.1196,39,3,binomial_safety_bound,0.94,0.0
464,463.0,2,4,46,0.2686,15,0,binomial_safety_bound,0.92,0.0
465,464.0,2,4,45,0.2686,15,0,binomial_safety_bound,0.9,0.0
466,465.0,2,2,45,0.1316,30,2,binomial_safety_bound,0.9,0.0
467,466.0,2,4,45,0.1316,30,0,binomial_safety_bound,0.9,0.0
468,467.0,1,2,46,0.2745,10,0,binomial_safety_bound,0.92,0.0
469,468.0,3,2,46,0.2745,17,2,binomial_safety_bound,0.92,0.0
470,469.0,4,4,46,0.2745,21,2,binomial_safety_bound,0.92,0.0
471,470.0,4,5,46,0.1921,30,2,binomial_safety_bound,0.92,0.0
472,471.0,3,6,47,0.4345,11,0,binomial_safety_bound,0.94,0.0
473,472.0,3,4,47,0.2129,23,1,binomial_safety_bound,0.94,0.0
474,473.0,2,4,48,0.449,8,0,binomial_safety_bound,0.96,0.0
475,474.0,2,3,48,0.3143,12,0,binomial_safety_bound,0.96,0.0
476,475.0,2,2,47,0.22,17,1,binomial_safety_bound,0.94,0.0
477,476.0,2,2,47,0.154,25,2,binomial_safety_bound,0.94,0.0
478,477.0,2,3,47,0.1078,36,1,binomial_safety_bound,0.94,0.0
479,478.0,2,4,47,0.1078,36,0,binomial_safety_bound,0.94,0.0
480,479.0,2,3,46,0.0755,50,2,binomial_safety_bound,0.92,0.0
481,480.0,2,4,46,0.3528,10,0,binomial_safety_bound,0.92,0.0
482,481.0,2,4,46,0.3528,10,0,binomial_safety_bound,0.92,0.0
483,482.0,2,3,46,0.247,15,0,binomial_safety_bound,0.92,0.0
484,483.0,2,1,46,0.121,31,3,binomial_safety_bound,0.92,0.0
485,484.0,3,3,45,0.0847,56,4,binomial_safety_bound,0.9,0.0
486,485.0,4,7,45,0.0847,68,2,binomial_safety_bound,0.9,0.0
487,486.0,4,8,43,0.0593,96,1,binomial_safety_bound,0.86,0.0
488,487.0,4,9,43,0.0593,96,0,binomial_safety_bound,0.86,0.0
489,488.0,4,5,43,0.0142,114,6,binomial_safety_bound,0.86,0.0
490,489.0,4,8,44,0.3049,18,0,binomial_safety_bound,0.88,0.0
491,490.0,4,7,44,0.2134,26,0,binomial_safety_bound,0.88,0.0
492,491.0,5,5,45,0.4046,16,1,binomial_safety_bound,0.9,0.0
493,492.0,4,4,46,0.4082,14,1,binomial_safety_bound,0.92,0.0
494,493.0,4,4,46,0.2858,20,1,binomial_safety_bound,0.92,0.0
495,494.0,3,3,47,0.44,11,1,binomial_safety_bound,0.94,0.0
496,495.0,3,3,47,0.308,15,1,binomial_safety_bound,0.94,0.0
497,496.0,3,3,46,0.2156,22,2,binomial_safety_bound,0.92,0.0
498,497.0,3,4,46,0.1509,31,1,binomial_safety_bound,0.92,0.0
499,498.0,3,5,46,0.1509,31,0,binomial_safety_bound,0.92,0.0
500,499.0,3,4,46,0.1057,45,2,binomial_safety_bound,0.92,0.0
501,500.0,1,4,47,0.5618,4,0,binomial_safety_bound,0.94,0.0
502,501.0,2,3,47,0.3932,9,0,binomial_safety_bound,0.94,0.0
503,502.0,2,3,47,0.3932,9,0,binomial_safety_bound,0.94,0.0
504,503.0,2,2,47,0.2753,13,1,binomial_safety_bound,0.94,0.0
505,504.0,2,2,45,0.1927,18,1,binomial_safety_bound,0.9,0.0
506,505.0,2,2,46,0.4349,8,0,binomial_safety_bound,0.92,0.0
507,506.0,2,2,45,0.4349,8,0,binomial_safety_bound,0.9,0.0
508,507.0,2,2,45,0.4349,8,0,binomial_safety_bound,0.9,0.0
509,508.0,2,2,45,0.4349,8,0,binomial_safety_bound,0.9,0.0
510,509.0,4,2,44,0.4349,13,3,binomial_safety_bound,0.88,0.0
511,510.0,4,5,44,0.4349,13,0,binomial_safety_bound,0.88,0.0
512,511.0,4,4,45,0.6044,9,0,binomial_safety_bound,0.9,0.0
513,512.0,3,3,45,0.7231,7,1,binomial_safety_bound,0.9,0.0
514,513.0,2,2,46,0.5643,6,0,binomial_safety_bound,0.92,0.0
515,514.0,3,2,45,0.5643,8,1,binomial_safety_bound,0.9,0.0
516,515.0,3,3,45,0.5643,8,0,binomial_safety_bound,0.9,0.0
517,516.0,3,3,44,0.5643,8,0,binomial_safety_bound,0.88,0.0
518,517.0,4,3,44,0.5643,10,1,binomial_safety_bound,0.88,0.0
519,518.0,4,3,44,0.395,14,2,binomial_safety_bound,0.88,0.0
520,519.0,5,4,43,0.2765,24,3,binomial_safety_bound,0.86,0.0
521,520.0,5,6,43,0.1936,35,2,binomial_safety_bound,0.86,0.0
522,521.0,6,8,43,0.1936,40,2,binomial_safety_bound,0.86,0.0
523,522.0,6,10,43,0.1936,40,0,binomial_safety_bound,0.86,0.0
524,523.0,6,8,43,0.0948,82,5,binomial_safety_bound,0.86,0.0
525,524.0,7,11,43,0.0465,176,7,binomial_safety_bound,0.86,0.0
526,525.0,7,17,43,0.0325,176,2,binomial_safety_bound,0.86,0.0
527,526.0,6,15,43,0.1107,72,0,binomial_safety_bound,0.86,0.0
528,527.0,6,14,43,0.0775,104,0,binomial_safety_bound,0.86,0.0
529,528.0,6,8,43,0.0091,161,10,binomial_safety_bound,0.86,0.0
530,529.0,5,17,44,0.3064,22,0,binomial_safety_bound,0.88,0.0
531,530.0,5,13,43,0.0736,94,0,binomial_safety_bound,0.86,0.0
532,531.0,5,10,44,0.2352,30,0,binomial_safety_bound,0.88,0.0
533,532.0,5,10,44,0.2352,30,0,binomial_safety_bound,0.88,0.0
534,533.0,5,8,44,0.1153,61,3,binomial_safety_bound,0.88,0.0
535,534.0,4,8,45,0.3395,17,0,binomial_safety_bound,0.9,0.0
536,535.0,4,7,46,0.5377,11,0,binomial_safety_bound,0.92,0.0
537,536.0,3,4,47,0.4844,11,0,binomial_safety_bound,0.94,0.0
538,537.0,3,3,47,0.3391,16,2,binomial_safety_bound,0.94,0.0
539,538.0,3,4,46,0.2374,22,1,binomial_safety_bound,0.92,0.0
540,539.0,2,4,46,0.4662,9,0,binomial_safety_bound,0.92,0.0
541,540.0,2,3,46,0.3263,13,0,binomial_safety_bound,0.92,0.0
542,541.0,2,3,46,0.3263,13,0,binomial_safety_bound,0.92,0.0
543,542.0,1,2,47,0.5284,5,0,binomial_safety_bound,0.94,0.0
544,543.0,2,1,46,0.3699,10,2,binomial_safety_bound,0.92,0.0
545,544.0,3,3,45,0.3699,13,1,binomial_safety_bound,0.9,0.0
546,545.0,3,4,45,0.3699,13,0,binomial_safety_bound,0.9,0.0
547,546.0,3,3,44,0.2589,18,1,binomial_safety_bound,0.88,0.0
548,547.0,3,3,43,0.1812,26,2,binomial_safety_bound,0.86,0.0
549,548.0,4,5,43,0.1812,32,2,binomial_safety_bound,0.86,0.0
550,549.0,5,6,42,0.1269,53,4,binomial_safety_bound,0.84,0.0
551,550.0,5,9,42,0.0888,76,2,binomial_safety_bound,0.84,0.0
552,551.0,6,10,42,0.0622,125,4,binomial_safety_bound,0.84,0.0
553,552.0,6,11,43,0.2313,33,0,binomial_safety_bound,0.86,0.0
554,553.0,6,8,43,0.0793,96,5,binomial_safety_bound,0.86,0.0
555,554.0,7,12,43,0.0555,155,5,binomial_safety_bound,0.86,0.0
556,555.0,7,15,43,0.0272,172,4,binomial_safety_bound,0.86,0.0
557,556.0,7,17,42,0.0133,172,3,binomial_safety_bound,0.84,0.0
558,557.0,7,17,42,0.0046,172,4,binomial_safety_bound,0.84,0.0
559,558.0,7,20,42,0.0032,172,1,binomial_safety_bound,0.84,0.0
560,559.0,7,15,42,0.0004,172,6,binomial_safety_bound,0.84,0.0
561,560.0,7,17,42,0.0001,172,4,binomial_safety_bound,0.84,0.0
562,561.0,8,15,42,0.0,192,9,binomial_safety_bound,0.84,0.0
563,562.0,8,21,42,0.0,192,3,binomial_safety_bound,0.84,0.0
564,563.0,8,21,41,0.0,191,3,binomial_safety_bound,0.82,0.0
565,564.0,6,20,41,0.4029,18,0,binomial_safety_bound,0.82,0.0
566,565.0,5,12,41,0.1261,51,0,binomial_safety_bound,0.82,0.0
567,566.0,5,5,41,0.0104,128,8,binomial_safety_bound,0.82,0.0
568,567.0,3,10,43,0.3606,13,0,binomial_safety_bound,0.86,0.0
569,568.0,4,10,43,0.3606,15,0,binomial_safety_bound,0.86,0.0
570,569.0,6,6,43,0.0866,89,7,binomial_safety_bound,0.86,0.0
571,570.0,5,10,45,0.5397,12,0,binomial_safety_bound,0.9,0.0
572,571.0,5,9,45,0.3778,17,0,binomial_safety_bound,0.9,0.0
573,572.0,5,7,45,0.1851,35,1,binomial_safety_bound,0.9,0.0
574,573.0,5,7,45,0.1296,50,2,binomial_safety_bound,0.9,0.0
575,574.0,4,7,46,0.3635,15,0,binomial_safety_bound,0.92,0.0
576,575.0,4,5,45,0.1781,31,2,binomial_safety_bound,0.9,0.0
577,576.0,3,5,45,0.2973,16,0,binomial_safety_bound,0.9,0.0
578,577.0,3,4,44,0.2081,23,1,binomial_safety_bound,0.88,0.0
579,578.0,2,2,44,0.3714,9,0,binomial_safety_bound,0.88,0.0
580,579.0,2,2,44,0.3714,9,0,binomial_safety_bound,0.88,0.0
581,580.0,3,2,44,0.3714,12,2,binomial_safety_bound,0.88,0.0
582,581.0,3,2,44,0.482,9,1,binomial_safety_bound,0.88,0.0
583,582.0,4,3,43,0.482,11,1,binomial_safety_bound,0.86,0.0
584,583.0,5,4,43,0.482,13,1,binomial_safety_bound,0.86,0.0
585,584.0,5,5,42,0.482,13,0,binomial_safety_bound,0.84,0.0
586,585.0,5,4,42,0.3374,19,2,binomial_safety_bound,0.84,0.0
587,586.0,6,4,41,0.1653,45,6,binomial_safety_bound,0.82,0.0
588,587.0,7,8,40,0.081,104,7,binomial_safety_bound,0.8,0.0
589,588.0,7,15,40,0.081,104,0,binomial_safety_bound,0.8,0.0
590,589.0,8,14,37,0.0567,164,5,binomial_safety_bound,0.74,0.0
591,590.0,7,16,38,0.2294,36,0,binomial_safety_bound,0.76,0.0
592,591.0,8,11,38,0.0386,185,9,binomial_safety_bound,0.76,0.0
593,592.0,8,16,39,0.1563,59,0,binomial_safety_bound,0.78,0.0
594,593.0,8,15,39,0.1094,85,1,binomial_safety_bound,0.78,0.0
595,594.0,10,12,40,0.2363,47,3,binomial_safety_bound,0.8,0.0
596,595.0,9,8,41,0.1665,61,7,binomial_safety_bound,0.82,0.0
597,596.0,9,12,41,0.0571,180,9,binomial_safety_bound,0.82,0.0
598,597.0,9,19,41,0.028,205,5,binomial_safety_bound,0.82,0.0
599,598.0,8,21,42,0.3096,29,0,binomial_safety_bound,0.84,0.0
600,599.0,6,17,44,0.5213,13,0,binomial_safety_bound,0.88,0.0
